

[
  {
    "originPosition": [-7,3],
    "rotationSpeed": 0.01
  },
  {
    "originPosition": [-5,2.5],
    "rotationSpeed": -0.02
  },
  {
    "originPosition": [-3,3],
    "rotationSpeed": -0.02
  },
  {
    "originPosition": [-1,2.5],
    "rotationSpeed": -0.02
  },
  {
    "originPosition": [1,3],
    "rotationSpeed": -0.02
  },
  {
    "originPosition": [3,2.5],
    "rotationSpeed": -0.02
  },
  {
    "originPosition": [5,3],
    "rotationSpeed": -0.02
  },
  {
    "originPosition": [7,2.5],
    "rotationSpeed": -0.02
  },



  {
    "originPosition": [-7,1.5],
    "rotationSpeed": 0.01
  },
  {
    "originPosition": [-5,1],
    "rotationSpeed": -0.02
  },
  {
    "originPosition": [-3,1.5],
    "rotationSpeed": -0.02
  },
  {
    "originPosition": [-1,1],
    "rotationSpeed": -0.02
  },
  {
    "originPosition": [1,1.5],
    "rotationSpeed": -0.02
  },
  {
    "originPosition": [3,1],
    "rotationSpeed": -0.02
  },
  {
    "originPosition": [5,1.5],
    "rotationSpeed": -0.02
  },
  {
    "originPosition": [7,1],
    "rotationSpeed": -0.02
  },
  


  {
    "originPosition": [-7,0],
    "rotationSpeed": 0.01
  },
  {
    "originPosition": [-5,-0.5],
    "rotationSpeed": -0.02
  },
  {
    "originPosition": [-3,0],
    "rotationSpeed": -0.02
  },
  {
    "originPosition": [-1,-0.5],
    "rotationSpeed": -0.02
  },
  {
    "originPosition": [1,0],
    "rotationSpeed": -0.02
  },
  {
    "originPosition": [3,-0.5],
    "rotationSpeed": -0.02
  },
  {
    "originPosition": [5,0],
    "rotationSpeed": -0.02
  },
  {
    "originPosition": [7,-0.5],
    "rotationSpeed": -0.02
  },


  {
    "originPosition": [-7,-1.5],
    "rotationSpeed": 0.01
  },
  {
    "originPosition": [-5,-2],
    "rotationSpeed": -0.02
  },
  {
    "originPosition": [-3,-1.5],
    "rotationSpeed": -0.02
  },
  {
    "originPosition": [-1,-2],
    "rotationSpeed": -0.02
  },
  {
    "originPosition": [1,-1.5],
    "rotationSpeed": -0.02
  },
  {
    "originPosition": [3,-2],
    "rotationSpeed": -0.02
  },
  {
    "originPosition": [5,-1.5],
    "rotationSpeed": -0.02
  },
  {
    "originPosition": [7,-2],
    "rotationSpeed": -0.02
  },


  {
    "originPosition": [-7,-3],
    "rotationSpeed": 0.01
  },
  {
    "originPosition": [-5,-3.5],
    "rotationSpeed": -0.02
  },
  {
    "originPosition": [-3,-3],
    "rotationSpeed": -0.02
  },
  {
    "originPosition": [-1,-3.5],
    "rotationSpeed": -0.02
  },
  {
    "originPosition": [1,-3],
    "rotationSpeed": -0.02
  },
  {
    "originPosition": [3,-3.5],
    "rotationSpeed": -0.02
  },
  {
    "originPosition": [5,-3],
    "rotationSpeed": -0.02
  },
  {
    "originPosition": [7,-3.5],
    "rotationSpeed": -0.02
  }
]