[
	{
		"name": "SpiderLinked",
		"desc": "The crack team. Turpis nam cum in et eu vivamus posuere etiam phasellus. Ultricies nullam amet semper parturient nibh sollicitudin tristique nibh.",
		"img": "/Spiderlinked-logo.png"
	},
	{
		"name": "SpiderLinked ",
		"desc": "The crack team 2. Turpis nam cum in et eu vivamus posuere etiam phasellus. Ultricies nullam amet semper parturient nibh sollicitudin tristique nibh.",
		"img": "/Spiderlinked-logo.png",
		"backgroundColor": "orange"
	},
	{
		"name": "SpiderLinked ",
		"desc": "The crack team 3. Turpis nam cum in et eu vivamus posuere etiam phasellus. Ultricies nullam amet semper parturient nibh sollicitudin tristique nibh.",
		"img": "/Spiderlinked-logo.png",
		"backgroundColor": "blue"
	},
	{
		"name": "SpiderLinked ",
		"desc": "The crack team 4. Turpis nam cum in et eu vivamus posuere etiam phasellus. Ultricies nullam amet semper parturient nibh sollicitudin tristique nibh.",
		"img": "/Spiderlinked-logo.png",
		"backgroundColor": "grey"
	},
	{
		"name": "SpiderLinked ",
		"desc": "The crack team 5. Turpis nam cum in et eu vivamus posuere etiam phasellus. Ultricies nullam amet semper parturient nibh sollicitudin tristique nibh.",
		"img": "/Spiderlinked-logo.png",
		"backgroundColor": "blue"
	},
	{
		"name": "SpiderLinked ",
		"desc": "The crack team 6. Turpis nam cum in et eu vivamus posuere etiam phasellus. Ultricies nullam amet semper parturient nibh sollicitudin tristique nibh.",
		"img": "/Spiderlinked-logo.png",
		"backgroundColor": "grey"
	},
	{
		"name": "SpiderLinked ",
		"desc": "The crack team 7. Turpis nam cum in et eu vivamus posuere etiam phasellus. Ultricies nullam amet semper parturient nibh sollicitudin tristique nibh.",
		"img": "/Spiderlinked-logo.png",
		"backgroundColor": "green"
	},
	{
		"name": "SpiderLinked ",
		"desc": "The crack team 8. Turpis nam cum in et eu vivamus posuere etiam phasellus. Ultricies nullam amet semper parturient nibh sollicitudin tristique nibh.",
		"img": "/Spiderlinked-logo.png",
		"backgroundColor": "orange"
	}
]