[
  {
    "name": "Web Development",
    "projects": [
      {
        "name": "etho",
        "type": "front-end",
        "desc": "Sit adipiscing amet viverra pellen tesque in quis. Vel pellen tesque tortor aliquam nisl nec",
        "image": {
          "src": "/project-placeholder-1.png",
          "alt": "etho thumbnail"
        }
      },
      {
        "name": "revsetter",
        "type": "front-end & back-end",
        "desc": "Coaiele mele sunt ca stanca, tot ce imi doresc e sa fie moi. Vel pellen tesque tortor aliquam nisl nec",
        "image": {
          "src": "/project-placeholder-2.png",
          "alt": "revsetter thumbnail"
        }
      },
      {
        "name": "hotel booking",
        "type": "front-end & back-end",
        "desc": "Sit adipiscing 2 amet viverra pellen tesque in quis. Vel pellen tesque tortor aliquam nisl nec",
        "image": {
          "src": "/project-placeholder-1.png",
          "alt": "hotel booking thumbnail"
        }
      }
    ]
  },
  {
    "name": "UI & UX Design",
    "projects": [
      {
        "name": "etho",
        "type": "mobile app design",
        "desc": "Cel mai minunat proiect pe care am avut placerea de a lucra. Jethro e un scump :*",
        "image": {
          "src": "/project-placeholder-1.png",
          "alt": "etho thumbnail"
        }
      },
      {
        "name": "tech sos",
        "type": "web app design",
        "desc": "Coaiele mele sunt ca stanca, tot ce imi doresc e sa fie moi. Vel pellen tesque tortor aliquam nisl nec",
        "image": {
          "src": "/project-placeholder-2.png",
          "alt": "Project Thumbnail"
        }
      }
    ]
  }
]