{
  "sectionNames": [
    "home",
    "what-we-do",
    "tech",
    "partners",
    "team"
  ],
  "home": {
    "heroText": "Client focused web development with a personal touch",
    "heroDesc": "We’re a european digital agency with a focus on driving growth through great user experience."
  },
  "tech": {
    "desc": "We’re familiar with bla bla cool text about how cool cuz we can handle the latest tech trends."
  },
  "partners": {
    "desc": "Our friendly partners we’re working with"
  },
  "team": {
    "desc": "The ones making all this possible"
  }
}