[
    {
        "title": "Next.js",
        "desc": "Sit adipiscing amet viverra pellentesque in quis. Vel pellentesque tortor aliquam nisl nec, sit cras. Vitae, sagittis, in euismod leo."
    },
    {
        "title": "React",
        "desc": "Sit adipiscing amet viverra pellentesque in quis. Vel pellentesque tortor aliquam nisl nec, sit cras. Vitae, sagittis, in euismod leo."
    },
    {
        "title": "Typescript",
        "desc": "Sit adipiscing amet viverra pellentesque in quis. Vel pellentesque tortor aliquam nisl nec, sit cras. Vitae, sagittis, in euismod leo."
    },
    {
        "title": "Blockchain",
        "desc": "Sit adipiscing amet viverra pellentesque in quis. Vel pellentesque tortor aliquam nisl nec, sit cras. Vitae, sagittis, in euismod leo."
    },
    {
        "title": "React Native",
        "desc": "Sit adipiscing amet viverra pellentesque in quis. Vel pellentesque tortor aliquam nisl nec, sit cras. Vitae, sagittis, in euismod leo."
    },
    {
        "title": "Node.js",
        "desc": "Sit adipiscing amet viverra pellentesque in quis. Vel pellentesque tortor aliquam nisl nec, sit cras. Vitae, sagittis, in euismod leo."
    },
    {
        "title": "Express",
        "desc": "Sit adipiscing amet viverra pellentesque in quis. Vel pellentesque tortor aliquam nisl nec, sit cras. Vitae, sagittis, in euismod leo."
    },
    {
        "title": "NestJS",
        "desc": "Sit adipiscing amet viverra pellentesque in quis. Vel pellentesque tortor aliquam nisl nec, sit cras. Vitae, sagittis, in euismod leo."
    },
    {
        "title": "Prisma",
        "desc": "Sit adipiscing amet viverra pellentesque in quis. Vel pellentesque tortor aliquam nisl nec, sit cras. Vitae, sagittis, in euismod leo."
    },
    {
        "title": "MongoDB",
        "desc": "Sit adipiscing amet viverra pellentesque in quis. Vel pellentesque tortor aliquam nisl nec, sit cras. Vitae, sagittis, in euismod leo."
    },
    {
        "title": "PostgreSQL",
        "desc": "Sit adipiscing amet viverra pellentesque in quis. Vel pellentesque tortor aliquam nisl nec, sit cras. Vitae, sagittis, in euismod leo."
    },
    {
        "title": "AWS",
        "desc": "Sit adipiscing amet viverra pellentesque in quis. Vel pellentesque tortor aliquam nisl nec, sit cras. Vitae, sagittis, in euismod leo."
    },
    {
        "title": "SOMETHING",
        "desc": "Sit adipiscing amet viverra pellentesque in quis. Vel pellentesque tortor aliquam nisl nec, sit cras. Vitae, sagittis, in euismod leo."
    }
]